<gfc:FC_FeatureCatalogue xmlns:gfc="http://www.isotc211.org/2005/gfc" xmlns:xsi="http://www.w3.org/2001/XMLSchema-instance" xsi:schemaLocation="http://www.isotc211.org/2005/gfc ../schemas/iso19139Fra/gfc/gfc.xsd" id="Catalogue attributaire auto généré par l'Atlas de l'architecture et du patrimoine">
  <gmx:name xmlns:gmx="http://www.isotc211.org/2005/gmx">
    <gco:CharacterString xmlns:gco="http://www.isotc211.org/2005/gco">Catalogue attributaire auto généré par l'Atlas de l'architecture et du patrimoine</gco:CharacterString>
  </gmx:name>
  <gmx:scope xmlns:gmx="http://www.isotc211.org/2005/gmx">
    <gco:CharacterString xmlns:gco="http://www.isotc211.org/2005/gco" />
  </gmx:scope>
  <gmx:fieldOfApplication xmlns:gmx="http://www.isotc211.org/2005/gmx">
    <gco:CharacterString xmlns:gco="http://www.isotc211.org/2005/gco" />
  </gmx:fieldOfApplication>
  <gmx:versionNumber xmlns:gmx="http://www.isotc211.org/2005/gmx">
    <gco:CharacterString xmlns:gco="http://www.isotc211.org/2005/gco" />
  </gmx:versionNumber>
  <gmx:versionDate xmlns:gmx="http://www.isotc211.org/2005/gmx" xmlns:gco="http://www.isotc211.org/2005/gco" gco:nilReason="unknown" />
  <gmx:language xmlns:gmx="http://www.isotc211.org/2005/gmx">
    <gmd:LanguageCode xmlns:gmd="http://www.isotc211.org/2005/gmd" codeListValue="fra" codeList="LanguageCode" />
  </gmx:language>
  <gmx:characterSet xmlns:gmx="http://www.isotc211.org/2005/gmx">
    <gmd:MD_CharacterSetCode xmlns:gmd="http://www.isotc211.org/2005/gmd" codeListValue="utf8" codeList="MD_CharacterSetCode" />
  </gmx:characterSet>
  <gfc:producer>
    <gmd:CI_ResponsibleParty xmlns:gmd="http://www.isotc211.org/2005/gmd">
      <gmd:role>
        <gmd:CI_RoleCode codeListValue="pointOfContact" codeList="CI_RoleCode" />
      </gmd:role>
    </gmd:CI_ResponsibleParty>
  </gfc:producer>
  <gfc:functionalLanguage>
    <gmd:LanguageCode xmlns:gmd="http://www.isotc211.org/2005/gmd" codeListValue="fra" codeList="LanguageCode" />
  </gfc:functionalLanguage>
  <gfc:featureType>
    <gfc:FC_FeatureType id="">
      <gfc:typeName>
        <gco:LocalName xmlns:gco="http://www.isotc211.org/2005/gco" />
      </gfc:typeName>
      <gfc:definition>
        <gco:CharacterString xmlns:gco="http://www.isotc211.org/2005/gco" />
      </gfc:definition>
      <gfc:code>
        <gco:CharacterString xmlns:gco="http://www.isotc211.org/2005/gco" />
      </gfc:code>
      <gfc:isAbstract>
        <gco:Boolean xmlns:gco="http://www.isotc211.org/2005/gco">false</gco:Boolean>
      </gfc:isAbstract>
      <gfc:aliases>
        <gco:LocalName xmlns:gco="http://www.isotc211.org/2005/gco" />
      </gfc:aliases>
      <gfc:featureCatalogue xmlns:xlink="http://www.w3.org/1999/xlink" xlink:href="#Catalogue attributaire auto généré par l'Atlas de l'architecture et du patrimoine" />
      <gfc:carrierOfCharacteristics>
        <gfc:FC_FeatureAttribute id=".Identifiant">
          <gfc:memberName>
            <gco:LocalName xmlns:gco="http://www.isotc211.org/2005/gco">Identifiant</gco:LocalName>
          </gfc:memberName>
          <gfc:definition>
            <gco:CharacterString xmlns:gco="http://www.isotc211.org/2005/gco" />
          </gfc:definition>
          <gfc:cardinality>
            <gco:Multiplicity xmlns:gco="http://www.isotc211.org/2005/gco">
              <gco:range>
                <gco:MultiplicityRange>
                  <gco:lower>
                    <gco:Integer>0</gco:Integer>
                  </gco:lower>
                  <gco:upper>
                    <gco:UnlimitedInteger isInfinite="true" />
                  </gco:upper>
                </gco:MultiplicityRange>
              </gco:range>
            </gco:Multiplicity>
          </gfc:cardinality>
          <gfc:featureType xmlns:xlink="http://www.w3.org/1999/xlink" xlink:href="#" />
          <gfc:code>
            <gco:CharacterString xmlns:gco="http://www.isotc211.org/2005/gco">CODE</gco:CharacterString>
          </gfc:code>
          <gfc:valueMeasurementUnit>
            <gml:UnitDefinition xmlns:gml="http://www.opengis.net/gml" gml:id="unknown">
              <gml:identifier codeSpace="unknown" />
            </gml:UnitDefinition>
          </gfc:valueMeasurementUnit>
          <gfc:valueType>
            <gco:TypeName xmlns:gco="http://www.isotc211.org/2005/gco">
              <gco:aName>
                <gco:CharacterString>character</gco:CharacterString>
              </gco:aName>
            </gco:TypeName>
          </gfc:valueType>
        </gfc:FC_FeatureAttribute>
      </gfc:carrierOfCharacteristics>
      <gfc:carrierOfCharacteristics>
        <gfc:FC_FeatureAttribute id=".Nom">
          <gfc:memberName>
            <gco:LocalName xmlns:gco="http://www.isotc211.org/2005/gco">Nom</gco:LocalName>
          </gfc:memberName>
          <gfc:definition>
            <gco:CharacterString xmlns:gco="http://www.isotc211.org/2005/gco" />
          </gfc:definition>
          <gfc:cardinality>
            <gco:Multiplicity xmlns:gco="http://www.isotc211.org/2005/gco">
              <gco:range>
                <gco:MultiplicityRange>
                  <gco:lower>
                    <gco:Integer>0</gco:Integer>
                  </gco:lower>
                  <gco:upper>
                    <gco:UnlimitedInteger isInfinite="true" />
                  </gco:upper>
                </gco:MultiplicityRange>
              </gco:range>
            </gco:Multiplicity>
          </gfc:cardinality>
          <gfc:featureType xmlns:xlink="http://www.w3.org/1999/xlink" xlink:href="#" />
          <gfc:code>
            <gco:CharacterString xmlns:gco="http://www.isotc211.org/2005/gco">IMM_LIB</gco:CharacterString>
          </gfc:code>
          <gfc:valueMeasurementUnit>
            <gml:UnitDefinition xmlns:gml="http://www.opengis.net/gml" gml:id="unknown">
              <gml:identifier codeSpace="unknown" />
            </gml:UnitDefinition>
          </gfc:valueMeasurementUnit>
          <gfc:valueType>
            <gco:TypeName xmlns:gco="http://www.isotc211.org/2005/gco">
              <gco:aName>
                <gco:CharacterString>character</gco:CharacterString>
              </gco:aName>
            </gco:TypeName>
          </gfc:valueType>
        </gfc:FC_FeatureAttribute>
      </gfc:carrierOfCharacteristics>
      <gfc:carrierOfCharacteristics>
        <gfc:FC_FeatureAttribute id=".Protection">
          <gfc:memberName>
            <gco:LocalName xmlns:gco="http://www.isotc211.org/2005/gco">Protection</gco:LocalName>
          </gfc:memberName>
          <gfc:definition>
            <gco:CharacterString xmlns:gco="http://www.isotc211.org/2005/gco" />
          </gfc:definition>
          <gfc:cardinality>
            <gco:Multiplicity xmlns:gco="http://www.isotc211.org/2005/gco">
              <gco:range>
                <gco:MultiplicityRange>
                  <gco:lower>
                    <gco:Integer>0</gco:Integer>
                  </gco:lower>
                  <gco:upper>
                    <gco:UnlimitedInteger isInfinite="true" />
                  </gco:upper>
                </gco:MultiplicityRange>
              </gco:range>
            </gco:Multiplicity>
          </gfc:cardinality>
          <gfc:featureType xmlns:xlink="http://www.w3.org/1999/xlink" xlink:href="#" />
          <gfc:code>
            <gco:CharacterString xmlns:gco="http://www.isotc211.org/2005/gco">PROTECTION</gco:CharacterString>
          </gfc:code>
          <gfc:valueMeasurementUnit>
            <gml:UnitDefinition xmlns:gml="http://www.opengis.net/gml" gml:id="unknown">
              <gml:identifier codeSpace="unknown" />
            </gml:UnitDefinition>
          </gfc:valueMeasurementUnit>
          <gfc:valueType>
            <gco:TypeName xmlns:gco="http://www.isotc211.org/2005/gco">
              <gco:aName>
                <gco:CharacterString>character</gco:CharacterString>
              </gco:aName>
            </gco:TypeName>
          </gfc:valueType>
        </gfc:FC_FeatureAttribute>
      </gfc:carrierOfCharacteristics>
      <gfc:carrierOfCharacteristics>
        <gfc:FC_FeatureAttribute id=".Date de protection">
          <gfc:memberName>
            <gco:LocalName xmlns:gco="http://www.isotc211.org/2005/gco">Date de protection</gco:LocalName>
          </gfc:memberName>
          <gfc:definition>
            <gco:CharacterString xmlns:gco="http://www.isotc211.org/2005/gco" />
          </gfc:definition>
          <gfc:cardinality>
            <gco:Multiplicity xmlns:gco="http://www.isotc211.org/2005/gco">
              <gco:range>
                <gco:MultiplicityRange>
                  <gco:lower>
                    <gco:Integer>0</gco:Integer>
                  </gco:lower>
                  <gco:upper>
                    <gco:UnlimitedInteger isInfinite="true" />
                  </gco:upper>
                </gco:MultiplicityRange>
              </gco:range>
            </gco:Multiplicity>
          </gfc:cardinality>
          <gfc:featureType xmlns:xlink="http://www.w3.org/1999/xlink" xlink:href="#" />
          <gfc:code>
            <gco:CharacterString xmlns:gco="http://www.isotc211.org/2005/gco">DPRO</gco:CharacterString>
          </gfc:code>
          <gfc:valueMeasurementUnit>
            <gml:UnitDefinition xmlns:gml="http://www.opengis.net/gml" gml:id="unknown">
              <gml:identifier codeSpace="unknown" />
            </gml:UnitDefinition>
          </gfc:valueMeasurementUnit>
          <gfc:valueType>
            <gco:TypeName xmlns:gco="http://www.isotc211.org/2005/gco">
              <gco:aName>
                <gco:CharacterString>character</gco:CharacterString>
              </gco:aName>
            </gco:TypeName>
          </gfc:valueType>
        </gfc:FC_FeatureAttribute>
      </gfc:carrierOfCharacteristics>
      <gfc:carrierOfCharacteristics>
        <gfc:FC_FeatureAttribute id=".Surface de l'emprise en m2">
          <gfc:memberName>
            <gco:LocalName xmlns:gco="http://www.isotc211.org/2005/gco">Surface de l'emprise en m2</gco:LocalName>
          </gfc:memberName>
          <gfc:definition>
            <gco:CharacterString xmlns:gco="http://www.isotc211.org/2005/gco" />
          </gfc:definition>
          <gfc:cardinality>
            <gco:Multiplicity xmlns:gco="http://www.isotc211.org/2005/gco">
              <gco:range>
                <gco:MultiplicityRange>
                  <gco:lower>
                    <gco:Integer>0</gco:Integer>
                  </gco:lower>
                  <gco:upper>
                    <gco:UnlimitedInteger isInfinite="true" />
                  </gco:upper>
                </gco:MultiplicityRange>
              </gco:range>
            </gco:Multiplicity>
          </gfc:cardinality>
          <gfc:featureType xmlns:xlink="http://www.w3.org/1999/xlink" xlink:href="#" />
          <gfc:code>
            <gco:CharacterString xmlns:gco="http://www.isotc211.org/2005/gco">SURFACE</gco:CharacterString>
          </gfc:code>
          <gfc:valueMeasurementUnit>
            <gml:UnitDefinition xmlns:gml="http://www.opengis.net/gml" gml:id="unknown">
              <gml:identifier codeSpace="unknown" />
            </gml:UnitDefinition>
          </gfc:valueMeasurementUnit>
          <gfc:valueType>
            <gco:TypeName xmlns:gco="http://www.isotc211.org/2005/gco">
              <gco:aName>
                <gco:CharacterString>character</gco:CharacterString>
              </gco:aName>
            </gco:TypeName>
          </gfc:valueType>
        </gfc:FC_FeatureAttribute>
      </gfc:carrierOfCharacteristics>
      <gfc:carrierOfCharacteristics>
        <gfc:FC_FeatureAttribute id=".Ressources">
          <gfc:memberName>
            <gco:LocalName xmlns:gco="http://www.isotc211.org/2005/gco">Ressources</gco:LocalName>
          </gfc:memberName>
          <gfc:definition>
            <gco:CharacterString xmlns:gco="http://www.isotc211.org/2005/gco" />
          </gfc:definition>
          <gfc:cardinality>
            <gco:Multiplicity xmlns:gco="http://www.isotc211.org/2005/gco">
              <gco:range>
                <gco:MultiplicityRange>
                  <gco:lower>
                    <gco:Integer>0</gco:Integer>
                  </gco:lower>
                  <gco:upper>
                    <gco:UnlimitedInteger isInfinite="true" />
                  </gco:upper>
                </gco:MultiplicityRange>
              </gco:range>
            </gco:Multiplicity>
          </gfc:cardinality>
          <gfc:featureType xmlns:xlink="http://www.w3.org/1999/xlink" xlink:href="#" />
          <gfc:code>
            <gco:CharacterString xmlns:gco="http://www.isotc211.org/2005/gco">LIEN</gco:CharacterString>
          </gfc:code>
          <gfc:valueMeasurementUnit>
            <gml:UnitDefinition xmlns:gml="http://www.opengis.net/gml" gml:id="unknown">
              <gml:identifier codeSpace="unknown" />
            </gml:UnitDefinition>
          </gfc:valueMeasurementUnit>
          <gfc:valueType>
            <gco:TypeName xmlns:gco="http://www.isotc211.org/2005/gco">
              <gco:aName>
                <gco:CharacterString>character</gco:CharacterString>
              </gco:aName>
            </gco:TypeName>
          </gfc:valueType>
        </gfc:FC_FeatureAttribute>
      </gfc:carrierOfCharacteristics>
      <gfc:carrierOfCharacteristics>
        <gfc:FC_FeatureAttribute id=".INSEE">
          <gfc:memberName>
            <gco:LocalName xmlns:gco="http://www.isotc211.org/2005/gco">INSEE</gco:LocalName>
          </gfc:memberName>
          <gfc:definition>
            <gco:CharacterString xmlns:gco="http://www.isotc211.org/2005/gco" />
          </gfc:definition>
          <gfc:cardinality>
            <gco:Multiplicity xmlns:gco="http://www.isotc211.org/2005/gco">
              <gco:range>
                <gco:MultiplicityRange>
                  <gco:lower>
                    <gco:Integer>0</gco:Integer>
                  </gco:lower>
                  <gco:upper>
                    <gco:UnlimitedInteger isInfinite="true" />
                  </gco:upper>
                </gco:MultiplicityRange>
              </gco:range>
            </gco:Multiplicity>
          </gfc:cardinality>
          <gfc:featureType xmlns:xlink="http://www.w3.org/1999/xlink" xlink:href="#" />
          <gfc:code>
            <gco:CharacterString xmlns:gco="http://www.isotc211.org/2005/gco">INSEE_2</gco:CharacterString>
          </gfc:code>
          <gfc:valueMeasurementUnit>
            <gml:UnitDefinition xmlns:gml="http://www.opengis.net/gml" gml:id="unknown">
              <gml:identifier codeSpace="unknown" />
            </gml:UnitDefinition>
          </gfc:valueMeasurementUnit>
          <gfc:valueType>
            <gco:TypeName xmlns:gco="http://www.isotc211.org/2005/gco">
              <gco:aName>
                <gco:CharacterString>character</gco:CharacterString>
              </gco:aName>
            </gco:TypeName>
          </gfc:valueType>
        </gfc:FC_FeatureAttribute>
      </gfc:carrierOfCharacteristics>
      <gfc:carrierOfCharacteristics>
        <gfc:FC_FeatureAttribute id=".Commune">
          <gfc:memberName>
            <gco:LocalName xmlns:gco="http://www.isotc211.org/2005/gco">Commune</gco:LocalName>
          </gfc:memberName>
          <gfc:definition>
            <gco:CharacterString xmlns:gco="http://www.isotc211.org/2005/gco" />
          </gfc:definition>
          <gfc:cardinality>
            <gco:Multiplicity xmlns:gco="http://www.isotc211.org/2005/gco">
              <gco:range>
                <gco:MultiplicityRange>
                  <gco:lower>
                    <gco:Integer>0</gco:Integer>
                  </gco:lower>
                  <gco:upper>
                    <gco:UnlimitedInteger isInfinite="true" />
                  </gco:upper>
                </gco:MultiplicityRange>
              </gco:range>
            </gco:Multiplicity>
          </gfc:cardinality>
          <gfc:featureType xmlns:xlink="http://www.w3.org/1999/xlink" xlink:href="#" />
          <gfc:code>
            <gco:CharacterString xmlns:gco="http://www.isotc211.org/2005/gco">COMMUNE_2</gco:CharacterString>
          </gfc:code>
          <gfc:valueMeasurementUnit>
            <gml:UnitDefinition xmlns:gml="http://www.opengis.net/gml" gml:id="unknown">
              <gml:identifier codeSpace="unknown" />
            </gml:UnitDefinition>
          </gfc:valueMeasurementUnit>
          <gfc:valueType>
            <gco:TypeName xmlns:gco="http://www.isotc211.org/2005/gco">
              <gco:aName>
                <gco:CharacterString>character</gco:CharacterString>
              </gco:aName>
            </gco:TypeName>
          </gfc:valueType>
        </gfc:FC_FeatureAttribute>
      </gfc:carrierOfCharacteristics>
      <gfc:carrierOfCharacteristics>
        <gfc:FC_FeatureAttribute id=".Département">
          <gfc:memberName>
            <gco:LocalName xmlns:gco="http://www.isotc211.org/2005/gco">Département</gco:LocalName>
          </gfc:memberName>
          <gfc:definition>
            <gco:CharacterString xmlns:gco="http://www.isotc211.org/2005/gco" />
          </gfc:definition>
          <gfc:cardinality>
            <gco:Multiplicity xmlns:gco="http://www.isotc211.org/2005/gco">
              <gco:range>
                <gco:MultiplicityRange>
                  <gco:lower>
                    <gco:Integer>0</gco:Integer>
                  </gco:lower>
                  <gco:upper>
                    <gco:UnlimitedInteger isInfinite="true" />
                  </gco:upper>
                </gco:MultiplicityRange>
              </gco:range>
            </gco:Multiplicity>
          </gfc:cardinality>
          <gfc:featureType xmlns:xlink="http://www.w3.org/1999/xlink" xlink:href="#" />
          <gfc:code>
            <gco:CharacterString xmlns:gco="http://www.isotc211.org/2005/gco">DEPARTEM_2</gco:CharacterString>
          </gfc:code>
          <gfc:valueMeasurementUnit>
            <gml:UnitDefinition xmlns:gml="http://www.opengis.net/gml" gml:id="unknown">
              <gml:identifier codeSpace="unknown" />
            </gml:UnitDefinition>
          </gfc:valueMeasurementUnit>
          <gfc:valueType>
            <gco:TypeName xmlns:gco="http://www.isotc211.org/2005/gco">
              <gco:aName>
                <gco:CharacterString>character</gco:CharacterString>
              </gco:aName>
            </gco:TypeName>
          </gfc:valueType>
        </gfc:FC_FeatureAttribute>
      </gfc:carrierOfCharacteristics>
      <gfc:carrierOfCharacteristics>
        <gfc:FC_FeatureAttribute id=".Région">
          <gfc:memberName>
            <gco:LocalName xmlns:gco="http://www.isotc211.org/2005/gco">Région</gco:LocalName>
          </gfc:memberName>
          <gfc:definition>
            <gco:CharacterString xmlns:gco="http://www.isotc211.org/2005/gco" />
          </gfc:definition>
          <gfc:cardinality>
            <gco:Multiplicity xmlns:gco="http://www.isotc211.org/2005/gco">
              <gco:range>
                <gco:MultiplicityRange>
                  <gco:lower>
                    <gco:Integer>0</gco:Integer>
                  </gco:lower>
                  <gco:upper>
                    <gco:UnlimitedInteger isInfinite="true" />
                  </gco:upper>
                </gco:MultiplicityRange>
              </gco:range>
            </gco:Multiplicity>
          </gfc:cardinality>
          <gfc:featureType xmlns:xlink="http://www.w3.org/1999/xlink" xlink:href="#" />
          <gfc:code>
            <gco:CharacterString xmlns:gco="http://www.isotc211.org/2005/gco">REGION_3</gco:CharacterString>
          </gfc:code>
          <gfc:valueMeasurementUnit>
            <gml:UnitDefinition xmlns:gml="http://www.opengis.net/gml" gml:id="unknown">
              <gml:identifier codeSpace="unknown" />
            </gml:UnitDefinition>
          </gfc:valueMeasurementUnit>
          <gfc:valueType>
            <gco:TypeName xmlns:gco="http://www.isotc211.org/2005/gco">
              <gco:aName>
                <gco:CharacterString>character</gco:CharacterString>
              </gco:aName>
            </gco:TypeName>
          </gfc:valueType>
        </gfc:FC_FeatureAttribute>
      </gfc:carrierOfCharacteristics>
    </gfc:FC_FeatureType>
  </gfc:featureType>
</gfc:FC_FeatureCatalogue>