<gfc:FC_FeatureCatalogue xmlns:gfc="http://www.isotc211.org/2005/gfc" xmlns:xsi="http://www.w3.org/2001/XMLSchema-instance" xsi:schemaLocation="http://www.isotc211.org/2005/gfc ../schemas/iso19139Fra/gfc/gfc.xsd" id="O-ZONE - SUP">
  <gmx:name xmlns:gmx="http://www.isotc211.org/2005/gmx">
    <gco:CharacterString xmlns:gco="http://www.isotc211.org/2005/gco">O-ZONE - SUP</gco:CharacterString>
  </gmx:name>
  <gmx:scope xmlns:gmx="http://www.isotc211.org/2005/gmx">
    <gco:CharacterString xmlns:gco="http://www.isotc211.org/2005/gco" />
  </gmx:scope>
  <gmx:fieldOfApplication xmlns:gmx="http://www.isotc211.org/2005/gmx">
    <gco:CharacterString xmlns:gco="http://www.isotc211.org/2005/gco" />
  </gmx:fieldOfApplication>
  <gmx:versionNumber xmlns:gmx="http://www.isotc211.org/2005/gmx">
    <gco:CharacterString xmlns:gco="http://www.isotc211.org/2005/gco" />
  </gmx:versionNumber>
  <gmx:versionDate xmlns:gmx="http://www.isotc211.org/2005/gmx" xmlns:gco="http://www.isotc211.org/2005/gco" gco:nilReason="unknown" />
  <gmx:language xmlns:gmx="http://www.isotc211.org/2005/gmx">
    <gmd:LanguageCode xmlns:gmd="http://www.isotc211.org/2005/gmd" codeListValue="fra" codeList="LanguageCode" />
  </gmx:language>
  <gmx:characterSet xmlns:gmx="http://www.isotc211.org/2005/gmx">
    <gmd:MD_CharacterSetCode xmlns:gmd="http://www.isotc211.org/2005/gmd" codeListValue="utf8" codeList="MD_CharacterSetCode" />
  </gmx:characterSet>
  <gfc:producer>
    <gmd:CI_ResponsibleParty xmlns:gmd="http://www.isotc211.org/2005/gmd">
      <gmd:role>
        <gmd:CI_RoleCode codeListValue="pointOfContact" codeList="CI_RoleCode" />
      </gmd:role>
    </gmd:CI_ResponsibleParty>
  </gfc:producer>
  <gfc:functionalLanguage>
    <gmd:LanguageCode xmlns:gmd="http://www.isotc211.org/2005/gmd" codeListValue="fra" codeList="LanguageCode" />
  </gfc:functionalLanguage>
  <gfc:featureType>
    <gfc:FC_FeatureType id="Attributs O-ZONE pour les SPR">
      <gfc:typeName>
        <gco:LocalName xmlns:gco="http://www.isotc211.org/2005/gco">Attributs O-ZONE pour les SPR</gco:LocalName>
      </gfc:typeName>
      <gfc:definition>
        <gco:CharacterString xmlns:gco="http://www.isotc211.org/2005/gco" />
      </gfc:definition>
      <gfc:code>
        <gco:CharacterString xmlns:gco="http://www.isotc211.org/2005/gco" />
      </gfc:code>
      <gfc:isAbstract>
        <gco:Boolean xmlns:gco="http://www.isotc211.org/2005/gco">false</gco:Boolean>
      </gfc:isAbstract>
      <gfc:aliases>
        <gco:LocalName xmlns:gco="http://www.isotc211.org/2005/gco" />
      </gfc:aliases>
      <gfc:featureCatalogue xmlns:xlink="http://www.w3.org/1999/xlink" xlink:href="#O-ZONE - SUP" />
      <gfc:carrierOfCharacteristics>
        <gfc:FC_FeatureAttribute id="Attributs O-ZONE pour les SPR.Identifiant">
          <gfc:memberName>
            <gco:LocalName xmlns:gco="http://www.isotc211.org/2005/gco">Identifiant</gco:LocalName>
          </gfc:memberName>
          <gfc:definition>
            <gco:CharacterString xmlns:gco="http://www.isotc211.org/2005/gco" />
          </gfc:definition>
          <gfc:cardinality>
            <gco:Multiplicity xmlns:gco="http://www.isotc211.org/2005/gco">
              <gco:range>
                <gco:MultiplicityRange>
                  <gco:lower>
                    <gco:Integer>0</gco:Integer>
                  </gco:lower>
                  <gco:upper>
                    <gco:UnlimitedInteger isInfinite="true" />
                  </gco:upper>
                </gco:MultiplicityRange>
              </gco:range>
            </gco:Multiplicity>
          </gfc:cardinality>
          <gfc:featureType xmlns:xlink="http://www.w3.org/1999/xlink" xlink:href="#Attributs O-ZONE pour les SPR" />
          <gfc:code>
            <gco:CharacterString xmlns:gco="http://www.isotc211.org/2005/gco">idApp</gco:CharacterString>
          </gfc:code>
          <gfc:valueMeasurementUnit>
            <gml:UnitDefinition xmlns:gml="http://www.opengis.net/gml" gml:id="unknown">
              <gml:identifier codeSpace="unknown" />
            </gml:UnitDefinition>
          </gfc:valueMeasurementUnit>
          <gfc:valueType>
            <gco:TypeName xmlns:gco="http://www.isotc211.org/2005/gco">
              <gco:aName>
                <gco:CharacterString>character</gco:CharacterString>
              </gco:aName>
            </gco:TypeName>
          </gfc:valueType>
        </gfc:FC_FeatureAttribute>
      </gfc:carrierOfCharacteristics>
      <gfc:carrierOfCharacteristics>
        <gfc:FC_FeatureAttribute id="Attributs O-ZONE pour les SPR.Type de SUP">
          <gfc:memberName>
            <gco:LocalName xmlns:gco="http://www.isotc211.org/2005/gco">Type de SUP</gco:LocalName>
          </gfc:memberName>
          <gfc:definition>
            <gco:CharacterString xmlns:gco="http://www.isotc211.org/2005/gco" />
          </gfc:definition>
          <gfc:cardinality>
            <gco:Multiplicity xmlns:gco="http://www.isotc211.org/2005/gco">
              <gco:range>
                <gco:MultiplicityRange>
                  <gco:lower>
                    <gco:Integer>0</gco:Integer>
                  </gco:lower>
                  <gco:upper>
                    <gco:UnlimitedInteger isInfinite="true" />
                  </gco:upper>
                </gco:MultiplicityRange>
              </gco:range>
            </gco:Multiplicity>
          </gfc:cardinality>
          <gfc:featureType xmlns:xlink="http://www.w3.org/1999/xlink" xlink:href="#Attributs O-ZONE pour les SPR" />
          <gfc:code>
            <gco:CharacterString xmlns:gco="http://www.isotc211.org/2005/gco">type</gco:CharacterString>
          </gfc:code>
          <gfc:valueMeasurementUnit>
            <gml:UnitDefinition xmlns:gml="http://www.opengis.net/gml" gml:id="unknown">
              <gml:identifier codeSpace="unknown" />
            </gml:UnitDefinition>
          </gfc:valueMeasurementUnit>
          <gfc:valueType>
            <gco:TypeName xmlns:gco="http://www.isotc211.org/2005/gco">
              <gco:aName>
                <gco:CharacterString>character</gco:CharacterString>
              </gco:aName>
            </gco:TypeName>
          </gfc:valueType>
        </gfc:FC_FeatureAttribute>
      </gfc:carrierOfCharacteristics>
      <gfc:carrierOfCharacteristics>
        <gfc:FC_FeatureAttribute id="Attributs O-ZONE pour les SPR.Appellation">
          <gfc:memberName>
            <gco:LocalName xmlns:gco="http://www.isotc211.org/2005/gco">Appellation</gco:LocalName>
          </gfc:memberName>
          <gfc:definition>
            <gco:CharacterString xmlns:gco="http://www.isotc211.org/2005/gco" />
          </gfc:definition>
          <gfc:cardinality>
            <gco:Multiplicity xmlns:gco="http://www.isotc211.org/2005/gco">
              <gco:range>
                <gco:MultiplicityRange>
                  <gco:lower>
                    <gco:Integer>0</gco:Integer>
                  </gco:lower>
                  <gco:upper>
                    <gco:UnlimitedInteger isInfinite="true" />
                  </gco:upper>
                </gco:MultiplicityRange>
              </gco:range>
            </gco:Multiplicity>
          </gfc:cardinality>
          <gfc:featureType xmlns:xlink="http://www.w3.org/1999/xlink" xlink:href="#Attributs O-ZONE pour les SPR" />
          <gfc:code>
            <gco:CharacterString xmlns:gco="http://www.isotc211.org/2005/gco">appelation</gco:CharacterString>
          </gfc:code>
          <gfc:valueMeasurementUnit>
            <gml:UnitDefinition xmlns:gml="http://www.opengis.net/gml" gml:id="unknown">
              <gml:identifier codeSpace="unknown" />
            </gml:UnitDefinition>
          </gfc:valueMeasurementUnit>
          <gfc:valueType>
            <gco:TypeName xmlns:gco="http://www.isotc211.org/2005/gco">
              <gco:aName>
                <gco:CharacterString>character</gco:CharacterString>
              </gco:aName>
            </gco:TypeName>
          </gfc:valueType>
        </gfc:FC_FeatureAttribute>
      </gfc:carrierOfCharacteristics>
      <gfc:carrierOfCharacteristics>
        <gfc:FC_FeatureAttribute id="Attributs O-ZONE pour les SPR.Catégorie">
          <gfc:memberName>
            <gco:LocalName xmlns:gco="http://www.isotc211.org/2005/gco">Catégorie</gco:LocalName>
          </gfc:memberName>
          <gfc:definition>
            <gco:CharacterString xmlns:gco="http://www.isotc211.org/2005/gco" />
          </gfc:definition>
          <gfc:cardinality>
            <gco:Multiplicity xmlns:gco="http://www.isotc211.org/2005/gco">
              <gco:range>
                <gco:MultiplicityRange>
                  <gco:lower>
                    <gco:Integer>0</gco:Integer>
                  </gco:lower>
                  <gco:upper>
                    <gco:UnlimitedInteger isInfinite="true" />
                  </gco:upper>
                </gco:MultiplicityRange>
              </gco:range>
            </gco:Multiplicity>
          </gfc:cardinality>
          <gfc:featureType xmlns:xlink="http://www.w3.org/1999/xlink" xlink:href="#Attributs O-ZONE pour les SPR" />
          <gfc:code>
            <gco:CharacterString xmlns:gco="http://www.isotc211.org/2005/gco">categorie</gco:CharacterString>
          </gfc:code>
          <gfc:valueMeasurementUnit>
            <gml:UnitDefinition xmlns:gml="http://www.opengis.net/gml" gml:id="unknown">
              <gml:identifier codeSpace="unknown" />
            </gml:UnitDefinition>
          </gfc:valueMeasurementUnit>
          <gfc:valueType>
            <gco:TypeName xmlns:gco="http://www.isotc211.org/2005/gco">
              <gco:aName>
                <gco:CharacterString>character</gco:CharacterString>
              </gco:aName>
            </gco:TypeName>
          </gfc:valueType>
        </gfc:FC_FeatureAttribute>
      </gfc:carrierOfCharacteristics>
      <gfc:carrierOfCharacteristics>
        <gfc:FC_FeatureAttribute id="Attributs O-ZONE pour les SPR.Localisation">
          <gfc:memberName>
            <gco:LocalName xmlns:gco="http://www.isotc211.org/2005/gco">Localisation</gco:LocalName>
          </gfc:memberName>
          <gfc:definition>
            <gco:CharacterString xmlns:gco="http://www.isotc211.org/2005/gco" />
          </gfc:definition>
          <gfc:cardinality>
            <gco:Multiplicity xmlns:gco="http://www.isotc211.org/2005/gco">
              <gco:range>
                <gco:MultiplicityRange>
                  <gco:lower>
                    <gco:Integer>0</gco:Integer>
                  </gco:lower>
                  <gco:upper>
                    <gco:UnlimitedInteger isInfinite="true" />
                  </gco:upper>
                </gco:MultiplicityRange>
              </gco:range>
            </gco:Multiplicity>
          </gfc:cardinality>
          <gfc:featureType xmlns:xlink="http://www.w3.org/1999/xlink" xlink:href="#Attributs O-ZONE pour les SPR" />
          <gfc:code>
            <gco:CharacterString xmlns:gco="http://www.isotc211.org/2005/gco">localisati</gco:CharacterString>
          </gfc:code>
          <gfc:valueMeasurementUnit>
            <gml:UnitDefinition xmlns:gml="http://www.opengis.net/gml" gml:id="unknown">
              <gml:identifier codeSpace="unknown" />
            </gml:UnitDefinition>
          </gfc:valueMeasurementUnit>
          <gfc:valueType>
            <gco:TypeName xmlns:gco="http://www.isotc211.org/2005/gco">
              <gco:aName>
                <gco:CharacterString>character</gco:CharacterString>
              </gco:aName>
            </gco:TypeName>
          </gfc:valueType>
        </gfc:FC_FeatureAttribute>
      </gfc:carrierOfCharacteristics>
      <gfc:carrierOfCharacteristics>
        <gfc:FC_FeatureAttribute id="Attributs O-ZONE pour les SPR.Libellé">
          <gfc:memberName>
            <gco:LocalName xmlns:gco="http://www.isotc211.org/2005/gco">Libellé</gco:LocalName>
          </gfc:memberName>
          <gfc:definition>
            <gco:CharacterString xmlns:gco="http://www.isotc211.org/2005/gco" />
          </gfc:definition>
          <gfc:cardinality>
            <gco:Multiplicity xmlns:gco="http://www.isotc211.org/2005/gco">
              <gco:range>
                <gco:MultiplicityRange>
                  <gco:lower>
                    <gco:Integer>0</gco:Integer>
                  </gco:lower>
                  <gco:upper>
                    <gco:UnlimitedInteger isInfinite="true" />
                  </gco:upper>
                </gco:MultiplicityRange>
              </gco:range>
            </gco:Multiplicity>
          </gfc:cardinality>
          <gfc:featureType xmlns:xlink="http://www.w3.org/1999/xlink" xlink:href="#Attributs O-ZONE pour les SPR" />
          <gfc:code>
            <gco:CharacterString xmlns:gco="http://www.isotc211.org/2005/gco">ressource</gco:CharacterString>
          </gfc:code>
          <gfc:valueMeasurementUnit>
            <gml:UnitDefinition xmlns:gml="http://www.opengis.net/gml" gml:id="unknown">
              <gml:identifier codeSpace="unknown" />
            </gml:UnitDefinition>
          </gfc:valueMeasurementUnit>
          <gfc:valueType>
            <gco:TypeName xmlns:gco="http://www.isotc211.org/2005/gco">
              <gco:aName>
                <gco:CharacterString>character</gco:CharacterString>
              </gco:aName>
            </gco:TypeName>
          </gfc:valueType>
        </gfc:FC_FeatureAttribute>
      </gfc:carrierOfCharacteristics>
      <gfc:carrierOfCharacteristics>
        <gfc:FC_FeatureAttribute id="Attributs O-ZONE pour les SPR.Acte associé">
          <gfc:memberName>
            <gco:LocalName xmlns:gco="http://www.isotc211.org/2005/gco">Acte associé</gco:LocalName>
          </gfc:memberName>
          <gfc:definition>
            <gco:CharacterString xmlns:gco="http://www.isotc211.org/2005/gco" />
          </gfc:definition>
          <gfc:cardinality>
            <gco:Multiplicity xmlns:gco="http://www.isotc211.org/2005/gco">
              <gco:range>
                <gco:MultiplicityRange>
                  <gco:lower>
                    <gco:Integer>0</gco:Integer>
                  </gco:lower>
                  <gco:upper>
                    <gco:UnlimitedInteger isInfinite="true" />
                  </gco:upper>
                </gco:MultiplicityRange>
              </gco:range>
            </gco:Multiplicity>
          </gfc:cardinality>
          <gfc:featureType xmlns:xlink="http://www.w3.org/1999/xlink" xlink:href="#Attributs O-ZONE pour les SPR" />
          <gfc:code>
            <gco:CharacterString xmlns:gco="http://www.isotc211.org/2005/gco">evenement</gco:CharacterString>
          </gfc:code>
          <gfc:valueMeasurementUnit>
            <gml:UnitDefinition xmlns:gml="http://www.opengis.net/gml" gml:id="unknown">
              <gml:identifier codeSpace="unknown" />
            </gml:UnitDefinition>
          </gfc:valueMeasurementUnit>
          <gfc:valueType>
            <gco:TypeName xmlns:gco="http://www.isotc211.org/2005/gco">
              <gco:aName>
                <gco:CharacterString>character</gco:CharacterString>
              </gco:aName>
            </gco:TypeName>
          </gfc:valueType>
        </gfc:FC_FeatureAttribute>
      </gfc:carrierOfCharacteristics>
      <gfc:carrierOfCharacteristics>
        <gfc:FC_FeatureAttribute id="Attributs O-ZONE pour les SPR.Type de règlement">
          <gfc:memberName>
            <gco:LocalName xmlns:gco="http://www.isotc211.org/2005/gco">Type de règlement</gco:LocalName>
          </gfc:memberName>
          <gfc:definition>
            <gco:CharacterString xmlns:gco="http://www.isotc211.org/2005/gco" />
          </gfc:definition>
          <gfc:cardinality>
            <gco:Multiplicity xmlns:gco="http://www.isotc211.org/2005/gco">
              <gco:range>
                <gco:MultiplicityRange>
                  <gco:lower>
                    <gco:Integer>0</gco:Integer>
                  </gco:lower>
                  <gco:upper>
                    <gco:UnlimitedInteger isInfinite="true" />
                  </gco:upper>
                </gco:MultiplicityRange>
              </gco:range>
            </gco:Multiplicity>
          </gfc:cardinality>
          <gfc:featureType xmlns:xlink="http://www.w3.org/1999/xlink" xlink:href="#Attributs O-ZONE pour les SPR" />
          <gfc:code>
            <gco:CharacterString xmlns:gco="http://www.isotc211.org/2005/gco">legende</gco:CharacterString>
          </gfc:code>
          <gfc:valueMeasurementUnit>
            <gml:UnitDefinition xmlns:gml="http://www.opengis.net/gml" gml:id="unknown">
              <gml:identifier codeSpace="unknown" />
            </gml:UnitDefinition>
          </gfc:valueMeasurementUnit>
          <gfc:valueType>
            <gco:TypeName xmlns:gco="http://www.isotc211.org/2005/gco">
              <gco:aName>
                <gco:CharacterString>character</gco:CharacterString>
              </gco:aName>
            </gco:TypeName>
          </gfc:valueType>
        </gfc:FC_FeatureAttribute>
      </gfc:carrierOfCharacteristics>
      <gfc:carrierOfCharacteristics>
        <gfc:FC_FeatureAttribute id="Attributs O-ZONE pour les SPR.Précision">
          <gfc:memberName>
            <gco:LocalName xmlns:gco="http://www.isotc211.org/2005/gco">Précision</gco:LocalName>
          </gfc:memberName>
          <gfc:definition>
            <gco:CharacterString xmlns:gco="http://www.isotc211.org/2005/gco" />
          </gfc:definition>
          <gfc:cardinality>
            <gco:Multiplicity xmlns:gco="http://www.isotc211.org/2005/gco">
              <gco:range>
                <gco:MultiplicityRange>
                  <gco:lower>
                    <gco:Integer>0</gco:Integer>
                  </gco:lower>
                  <gco:upper>
                    <gco:UnlimitedInteger isInfinite="true" />
                  </gco:upper>
                </gco:MultiplicityRange>
              </gco:range>
            </gco:Multiplicity>
          </gfc:cardinality>
          <gfc:featureType xmlns:xlink="http://www.w3.org/1999/xlink" xlink:href="#Attributs O-ZONE pour les SPR" />
          <gfc:code>
            <gco:CharacterString xmlns:gco="http://www.isotc211.org/2005/gco">precision</gco:CharacterString>
          </gfc:code>
          <gfc:valueMeasurementUnit>
            <gml:UnitDefinition xmlns:gml="http://www.opengis.net/gml" gml:id="unknown">
              <gml:identifier codeSpace="unknown" />
            </gml:UnitDefinition>
          </gfc:valueMeasurementUnit>
          <gfc:valueType>
            <gco:TypeName xmlns:gco="http://www.isotc211.org/2005/gco">
              <gco:aName>
                <gco:CharacterString>character</gco:CharacterString>
              </gco:aName>
            </gco:TypeName>
          </gfc:valueType>
        </gfc:FC_FeatureAttribute>
      </gfc:carrierOfCharacteristics>
      <gfc:carrierOfCharacteristics>
        <gfc:FC_FeatureAttribute id="Attributs O-ZONE pour les SPR.Statut">
          <gfc:memberName>
            <gco:LocalName xmlns:gco="http://www.isotc211.org/2005/gco">Statut</gco:LocalName>
          </gfc:memberName>
          <gfc:definition>
            <gco:CharacterString xmlns:gco="http://www.isotc211.org/2005/gco" />
          </gfc:definition>
          <gfc:cardinality>
            <gco:Multiplicity xmlns:gco="http://www.isotc211.org/2005/gco">
              <gco:range>
                <gco:MultiplicityRange>
                  <gco:lower>
                    <gco:Integer>0</gco:Integer>
                  </gco:lower>
                  <gco:upper>
                    <gco:UnlimitedInteger isInfinite="true" />
                  </gco:upper>
                </gco:MultiplicityRange>
              </gco:range>
            </gco:Multiplicity>
          </gfc:cardinality>
          <gfc:featureType xmlns:xlink="http://www.w3.org/1999/xlink" xlink:href="#Attributs O-ZONE pour les SPR" />
          <gfc:code>
            <gco:CharacterString xmlns:gco="http://www.isotc211.org/2005/gco">statut</gco:CharacterString>
          </gfc:code>
          <gfc:valueMeasurementUnit>
            <gml:UnitDefinition xmlns:gml="http://www.opengis.net/gml" gml:id="unknown">
              <gml:identifier codeSpace="unknown" />
            </gml:UnitDefinition>
          </gfc:valueMeasurementUnit>
          <gfc:valueType>
            <gco:TypeName xmlns:gco="http://www.isotc211.org/2005/gco">
              <gco:aName>
                <gco:CharacterString>character</gco:CharacterString>
              </gco:aName>
            </gco:TypeName>
          </gfc:valueType>
        </gfc:FC_FeatureAttribute>
      </gfc:carrierOfCharacteristics>
      <gfc:carrierOfCharacteristics>
        <gfc:FC_FeatureAttribute id="Attributs O-ZONE pour les SPR.Date de mise à jour">
          <gfc:memberName>
            <gco:LocalName xmlns:gco="http://www.isotc211.org/2005/gco">Date de mise à jour</gco:LocalName>
          </gfc:memberName>
          <gfc:definition>
            <gco:CharacterString xmlns:gco="http://www.isotc211.org/2005/gco" />
          </gfc:definition>
          <gfc:cardinality>
            <gco:Multiplicity xmlns:gco="http://www.isotc211.org/2005/gco">
              <gco:range>
                <gco:MultiplicityRange>
                  <gco:lower>
                    <gco:Integer>0</gco:Integer>
                  </gco:lower>
                  <gco:upper>
                    <gco:UnlimitedInteger isInfinite="true" />
                  </gco:upper>
                </gco:MultiplicityRange>
              </gco:range>
            </gco:Multiplicity>
          </gfc:cardinality>
          <gfc:featureType xmlns:xlink="http://www.w3.org/1999/xlink" xlink:href="#Attributs O-ZONE pour les SPR" />
          <gfc:code>
            <gco:CharacterString xmlns:gco="http://www.isotc211.org/2005/gco">maj</gco:CharacterString>
          </gfc:code>
          <gfc:valueMeasurementUnit>
            <gml:UnitDefinition xmlns:gml="http://www.opengis.net/gml" gml:id="unknown">
              <gml:identifier codeSpace="unknown" />
            </gml:UnitDefinition>
          </gfc:valueMeasurementUnit>
          <gfc:valueType>
            <gco:TypeName xmlns:gco="http://www.isotc211.org/2005/gco">
              <gco:aName>
                <gco:CharacterString>character</gco:CharacterString>
              </gco:aName>
            </gco:TypeName>
          </gfc:valueType>
        </gfc:FC_FeatureAttribute>
      </gfc:carrierOfCharacteristics>
      <gfc:carrierOfCharacteristics>
        <gfc:FC_FeatureAttribute id="Attributs O-ZONE pour les SPR.Région">
          <gfc:memberName>
            <gco:LocalName xmlns:gco="http://www.isotc211.org/2005/gco">Région</gco:LocalName>
          </gfc:memberName>
          <gfc:definition>
            <gco:CharacterString xmlns:gco="http://www.isotc211.org/2005/gco" />
          </gfc:definition>
          <gfc:cardinality>
            <gco:Multiplicity xmlns:gco="http://www.isotc211.org/2005/gco">
              <gco:range>
                <gco:MultiplicityRange>
                  <gco:lower>
                    <gco:Integer>0</gco:Integer>
                  </gco:lower>
                  <gco:upper>
                    <gco:UnlimitedInteger isInfinite="true" />
                  </gco:upper>
                </gco:MultiplicityRange>
              </gco:range>
            </gco:Multiplicity>
          </gfc:cardinality>
          <gfc:featureType xmlns:xlink="http://www.w3.org/1999/xlink" xlink:href="#Attributs O-ZONE pour les SPR" />
          <gfc:code>
            <gco:CharacterString xmlns:gco="http://www.isotc211.org/2005/gco">region</gco:CharacterString>
          </gfc:code>
          <gfc:valueMeasurementUnit>
            <gml:UnitDefinition xmlns:gml="http://www.opengis.net/gml" gml:id="unknown">
              <gml:identifier codeSpace="unknown" />
            </gml:UnitDefinition>
          </gfc:valueMeasurementUnit>
          <gfc:valueType>
            <gco:TypeName xmlns:gco="http://www.isotc211.org/2005/gco">
              <gco:aName>
                <gco:CharacterString>character</gco:CharacterString>
              </gco:aName>
            </gco:TypeName>
          </gfc:valueType>
        </gfc:FC_FeatureAttribute>
      </gfc:carrierOfCharacteristics>
      <gfc:carrierOfCharacteristics>
        <gfc:FC_FeatureAttribute id="Attributs O-ZONE pour les SPR.Département">
          <gfc:memberName>
            <gco:LocalName xmlns:gco="http://www.isotc211.org/2005/gco">Département</gco:LocalName>
          </gfc:memberName>
          <gfc:definition>
            <gco:CharacterString xmlns:gco="http://www.isotc211.org/2005/gco" />
          </gfc:definition>
          <gfc:cardinality>
            <gco:Multiplicity xmlns:gco="http://www.isotc211.org/2005/gco">
              <gco:range>
                <gco:MultiplicityRange>
                  <gco:lower>
                    <gco:Integer>0</gco:Integer>
                  </gco:lower>
                  <gco:upper>
                    <gco:UnlimitedInteger isInfinite="true" />
                  </gco:upper>
                </gco:MultiplicityRange>
              </gco:range>
            </gco:Multiplicity>
          </gfc:cardinality>
          <gfc:featureType xmlns:xlink="http://www.w3.org/1999/xlink" xlink:href="#Attributs O-ZONE pour les SPR" />
          <gfc:code>
            <gco:CharacterString xmlns:gco="http://www.isotc211.org/2005/gco">departemen</gco:CharacterString>
          </gfc:code>
          <gfc:valueMeasurementUnit>
            <gml:UnitDefinition xmlns:gml="http://www.opengis.net/gml" gml:id="unknown">
              <gml:identifier codeSpace="unknown" />
            </gml:UnitDefinition>
          </gfc:valueMeasurementUnit>
          <gfc:valueType>
            <gco:TypeName xmlns:gco="http://www.isotc211.org/2005/gco">
              <gco:aName>
                <gco:CharacterString>character</gco:CharacterString>
              </gco:aName>
            </gco:TypeName>
          </gfc:valueType>
        </gfc:FC_FeatureAttribute>
      </gfc:carrierOfCharacteristics>
      <gfc:carrierOfCharacteristics>
        <gfc:FC_FeatureAttribute id="Attributs O-ZONE pour les SPR.Commune">
          <gfc:memberName>
            <gco:LocalName xmlns:gco="http://www.isotc211.org/2005/gco">Commune</gco:LocalName>
          </gfc:memberName>
          <gfc:definition>
            <gco:CharacterString xmlns:gco="http://www.isotc211.org/2005/gco" />
          </gfc:definition>
          <gfc:cardinality>
            <gco:Multiplicity xmlns:gco="http://www.isotc211.org/2005/gco">
              <gco:range>
                <gco:MultiplicityRange>
                  <gco:lower>
                    <gco:Integer>0</gco:Integer>
                  </gco:lower>
                  <gco:upper>
                    <gco:UnlimitedInteger isInfinite="true" />
                  </gco:upper>
                </gco:MultiplicityRange>
              </gco:range>
            </gco:Multiplicity>
          </gfc:cardinality>
          <gfc:featureType xmlns:xlink="http://www.w3.org/1999/xlink" xlink:href="#Attributs O-ZONE pour les SPR" />
          <gfc:code>
            <gco:CharacterString xmlns:gco="http://www.isotc211.org/2005/gco">commune</gco:CharacterString>
          </gfc:code>
          <gfc:valueMeasurementUnit>
            <gml:UnitDefinition xmlns:gml="http://www.opengis.net/gml" gml:id="unknown">
              <gml:identifier codeSpace="unknown" />
            </gml:UnitDefinition>
          </gfc:valueMeasurementUnit>
          <gfc:valueType>
            <gco:TypeName xmlns:gco="http://www.isotc211.org/2005/gco">
              <gco:aName>
                <gco:CharacterString>character</gco:CharacterString>
              </gco:aName>
            </gco:TypeName>
          </gfc:valueType>
        </gfc:FC_FeatureAttribute>
      </gfc:carrierOfCharacteristics>
    </gfc:FC_FeatureType>
  </gfc:featureType>
</gfc:FC_FeatureCatalogue>